<core:FragmentDefinition xmlns:core="sap.ui.core" xmlns="sap.m"
	xmlns:l="sap.ui.layout"
	xmlns:f="sap.ui.layout.form"
	>
	<VBox class="sapUiSmallMargin">
		<f:SimpleForm id="SimpleFormDisplay354"
			editable="false"
			layout="ResponsiveGridLayout"
			title="Address"
			labelSpanXL="3"
			labelSpanL="3"
			labelSpanM="3"
			labelSpanS="12"
			adjustLabelSpan="false"
			emptySpanXL="4"
			emptySpanL="4"
			emptySpanM="4"
			emptySpanS="0"
			columnsXL="1"
			columnsL="1"
			columnsM="1"
			singleContainerFullSize="false" >
			<f:content>
				<Label text="Supplier Name" />
				<Text id="nameText" text="{ToSupplier/COMPANY_NAME}" />
				<Label text="City" />
				<Text text="{ToSupplier/CITY}" />
				<Label text="ZIP Code/City" />
				<Text text="{ToSupplier/POSTAL_CODE}" />
				<Label text="Country" />
				<Text id="countryText" text="{ToSupplier/COUNTRY}" />
			</f:content>
		</f:SimpleForm>
	</VBox>
	<!--<Table id="idTable" items="{/suppliers}">
		<headerToolbar>
			<Toolbar>
				<ToolbarSpacer />
				<Button icon="sap-icon://filter" tooltip="Country Filter" press="onFilter"></Button>
			</Toolbar>
		</headerToolbar>
		<columns>
			<Column>
				<Text text="Name"></Text>
			</Column>
			<Column>
				<Text text="City"></Text>
			</Column>
			<Column>
				<Text text="Since When"></Text>
			</Column>
			<Column>
				<Text text="Country"></Text>
			</Column>
		</columns>
		<items>
			<ColumnListItem>
				<cells>
					<Text text="{name}"></Text>
					<Input value="{city}" showValueHelp="true" valueHelpRequest="onF4Help"></Input>
					<Text text="{sinceWhen}"></Text>
					<Text text="{country}"></Text>
				</cells>
			</ColumnListItem>
		</items>
	</Table>-->
</core:FragmentDefinition>